INSERT INTO aml_role (id, title_ar, title_en) values (1, 'طالب', 'Student');
INSERT INTO aml_role (id, title_ar, title_en) values (2, 'محاضر', 'Instructor');
INSERT INTO aml_role (id, title_ar, title_en) values (3, 'مدير', 'Manager');
INSERT INTO aml_role (id, title_ar, title_en) values (4, 'مدير النظام', 'System Admin');
INSERT INTO aml_role (id, title_ar, title_en) values (5, 'مترجم', 'Translator');


insert into aml_users (id, username, full_name_ar, full_name_en, email, is_active, expiry_date, birth_date, created_on, last_updated_by, last_updated_on, about_brief) values (1, 'amarr0', 'Rory Broomfield', 'Augie Marr', 'amarr0@auda.org.au', 1, '2018-09-28', '2010-10-04', '2017-02-03 22:15:13', 4, '2019-05-30 12:52:08', 'montes nascetur ridiculus mus etiam vel augue vestibulum rutrum rutrum neque aenean auctor gravida sem praesent id massa id nisl venenatis');
insert into aml_users (id, username, full_name_ar, full_name_en, email, is_active, expiry_date, birth_date, created_on, last_updated_by, last_updated_on, about_brief) values (2, 'ggove1', 'Marcellus Sibery', 'Gwendolin Gove', 'ggove1@t.co', 1, '2019-04-01', '2003-04-05', '2013-06-29 16:26:27', 20, '2018-07-04 06:27:05', 'congue risus semper porta volutpat quam pede lobortis ligula sit amet eleifend pede libero quis orci nullam molestie nibh in lectus pellentesque at nulla suspendisse potenti');
insert into aml_users (id, username, full_name_ar, full_name_en, email, is_active, expiry_date, birth_date, created_on, last_updated_by, last_updated_on, about_brief) values (3, 'pmcelhinney2', 'Loren Diem', 'Pail McElhinney', 'pmcelhinney2@dell.com', 0, '2016-11-26', '1998-01-22', '2013-05-30 18:46:23', 51, '2017-02-07 05:28:47', 'eros viverra eget congue eget semper rutrum nulla nunc purus phasellus in');
insert into aml_users (id, username, full_name_ar, full_name_en, email, is_active, expiry_date, birth_date, created_on, last_updated_by, last_updated_on, about_brief) values (4, 'nfiddy3', 'Neils Bazely', 'Nikolai Fiddy', 'nfiddy3@mapquest.com', 1, '2018-06-05', '1995-09-11', '2016-01-24 16:25:00', 13, '2016-10-11 03:47:45', 'quis turpis sed ante vivamus tortor duis mattis egestas metus aenean fermentum donec ut mauris eget massa tempor convallis nulla neque libero convallis eget');
insert into aml_users (id, username, full_name_ar, full_name_en, email, is_active, expiry_date, birth_date, created_on, last_updated_by, last_updated_on, about_brief) values (5, 'nscardifeild4', 'Katrina Loins', 'Nichole Scardifeild', 'nscardifeild4@gov.uk', 1, '2017-10-17', '2012-05-14', '2014-10-01 10:25:00', 92, '2018-02-22 07:19:11', 'curabitur in libero ut massa volutpat convallis morbi odio odio elementum eu interdum eu tincidunt in leo maecenas pulvinar lobortis est phasellus');
insert into aml_users (id, username, full_name_ar, full_name_en, email, is_active, expiry_date, birth_date, created_on, last_updated_by, last_updated_on, about_brief) values (6, 'cnewart5', 'Calvin Finicj', 'Cristin Newart', 'cnewart5@cyberchimps.com', 1, '2016-06-16', '2007-09-11', '2018-03-03 12:28:52', 86, '2018-10-21 02:54:51', 'velit id pretium iaculis diam erat fermentum justo nec condimentum neque');
insert into aml_users (id, username, full_name_ar, full_name_en, email, is_active, expiry_date, birth_date, created_on, last_updated_by, last_updated_on, about_brief) values (7, 'cheinz6', 'Krispin Swayne', 'Cristionna Heinz', 'cheinz6@ovh.net', 1, '2018-05-27', '2011-07-13', '2012-08-14 12:14:31', 78, '2017-12-25 13:51:13', 'ut dolor morbi vel lectus in quam fringilla rhoncus mauris enim leo rhoncus sed vestibulum sit amet cursus id turpis integer aliquet massa id lobortis convallis tortor risus dapibus');
insert into aml_users (id, username, full_name_ar, full_name_en, email, is_active, expiry_date, birth_date, created_on, last_updated_by, last_updated_on, about_brief) values (8, 'mlawlan7', 'Hermann Downes', 'Mireielle Lawlan', 'mlawlan7@seesaa.net', 1, '2018-10-03', '1992-01-27', '2014-12-08 05:47:38', 17, '2018-07-01 17:25:47', 'in est risus auctor sed tristique in tempus sit amet sem fusce consequat nulla nisl nunc nisl duis bibendum felis sed interdum venenatis turpis enim blandit mi');
insert into aml_users (id, username, full_name_ar, full_name_en, email, is_active, expiry_date, birth_date, created_on, last_updated_by, last_updated_on, about_brief) values (9, 'ggravey8', 'August Iron', 'Giselle Gravey', 'ggravey8@php.net', 1, '2017-05-12', '1997-03-31', '2015-01-04 05:09:11', 83, '2017-07-17 00:34:22', 'fusce lacus purus aliquet at feugiat non pretium quis lectus suspendisse potenti in eleifend quam a odio in hac habitasse platea dictumst maecenas ut massa quis augue luctus');
insert into aml_users (id, username, full_name_ar, full_name_en, email, is_active, expiry_date, birth_date, created_on, last_updated_by, last_updated_on, about_brief) values (10, 'sakker9', 'Hersh Standish-Brooks', 'Stinky Akker', 'sakker9@hugedomains.com', 1, '2017-01-30', '2007-10-22', '2014-12-06 03:49:59', 2, '2018-02-04 06:02:49', 'arcu libero rutrum ac lobortis vel dapibus at diam nam tristique tortor eu');
insert into aml_users (id, username, full_name_ar, full_name_en, email, is_active, expiry_date, birth_date, created_on, last_updated_by, last_updated_on, about_brief) values (11, 'rpolyea', 'Menard Weatherhill', 'Ruddy Polye', 'rpolyea@ox.ac.uk', 1, '2016-09-17', '1993-05-10', '2017-01-16 17:31:07', 68, '2019-04-15 14:44:51', 'id mauris vulputate elementum nullam varius nulla facilisi cras non velit nec nisi vulputate nonummy maecenas tincidunt');
insert into aml_users (id, username, full_name_ar, full_name_en, email, is_active, expiry_date, birth_date, created_on, last_updated_by, last_updated_on, about_brief) values (12, 'jmckennyb', 'Port Doddrell', 'Josepha McKenny', 'jmckennyb@twitter.com', 0, '2018-11-12', '1990-10-20', '2015-10-07 20:08:44', 55, '2018-02-04 15:51:12', 'pede venenatis non sodales sed tincidunt eu felis fusce posuere felis sed lacus morbi sem mauris laoreet ut rhoncus aliquet pulvinar sed nisl nunc rhoncus dui vel sem');
insert into aml_users (id, username, full_name_ar, full_name_en, email, is_active, expiry_date, birth_date, created_on, last_updated_by, last_updated_on, about_brief) values (13, 'gdykec', 'Melosa MacKaile', 'Gerta Dyke', 'gdykec@dagondesign.com', 0, '2018-02-18', '2002-08-20', '2017-03-14 00:49:28', 17, '2018-04-22 05:32:31', 'libero convallis eget eleifend luctus ultricies eu nibh quisque id justo sit amet sapien dignissim vestibulum vestibulum ante ipsum primis in faucibus orci luctus et ultrices posuere cubilia curae nulla');
insert into aml_users (id, username, full_name_ar, full_name_en, email, is_active, expiry_date, birth_date, created_on, last_updated_by, last_updated_on, about_brief) values (14, 'jpassed', 'Carmelina Gabey', 'Jenda Passe', 'jpassed@nymag.com', 1, '2017-11-18', '2010-10-14', '2012-02-26 13:42:50', 46, '2019-04-25 02:21:22', 'eget tempus vel pede morbi porttitor lorem id ligula suspendisse ornare consequat lectus in est risus auctor sed tristique in tempus sit amet sem fusce consequat');
insert into aml_users (id, username, full_name_ar, full_name_en, email, is_active, expiry_date, birth_date, created_on, last_updated_by, last_updated_on, about_brief) values (15, 'ballsworthe', 'Cristal Koppe', 'Benetta Allsworth', 'ballsworthe@blinklist.com', 1, '2016-07-17', '1995-11-28', '2013-02-21 04:01:54', 84, '2019-05-15 18:49:07', 'consequat morbi a ipsum integer a nibh in quis justo maecenas rhoncus aliquam lacus morbi quis tortor id nulla ultrices aliquet maecenas leo odio condimentum id luctus nec molestie sed');
insert into aml_users (id, username, full_name_ar, full_name_en, email, is_active, expiry_date, birth_date, created_on, last_updated_by, last_updated_on, about_brief) values (16, 'stweedlief', 'Alic Posner', 'Sharia Tweedlie', 'stweedlief@woothemes.com', 1, '2017-09-16', '1992-11-18', '2018-07-06 03:43:08', 45, '2017-11-17 10:10:13', 'orci mauris lacinia sapien quis libero nullam sit amet turpis elementum ligula vehicula consequat morbi a ipsum integer a nibh in');
insert into aml_users (id, username, full_name_ar, full_name_en, email, is_active, expiry_date, birth_date, created_on, last_updated_by, last_updated_on, about_brief) values (17, 'ttreadgerg', 'Diann Yepiskopov', 'Trudey Treadger', 'ttreadgerg@nationalgeographic.com', 1, '2019-04-23', '1997-06-06', '2012-08-02 05:27:20', 93, '2018-05-03 04:16:07', 'nisl duis bibendum felis sed interdum venenatis turpis enim blandit mi in porttitor pede justo eu massa donec dapibus duis at velit eu');
insert into aml_users (id, username, full_name_ar, full_name_en, email, is_active, expiry_date, birth_date, created_on, last_updated_by, last_updated_on, about_brief) values (18, 'jstairsh', 'Ryun Giacopelo', 'Jobye Stairs', 'jstairsh@dailymail.co.uk', 0, '2016-06-18', '2005-03-08', '2014-05-21 09:06:26', 34, '2018-12-27 10:38:42', 'pede ac diam cras pellentesque volutpat dui maecenas tristique est et tempus semper est quam pharetra magna ac consequat metus sapien ut nunc vestibulum ante ipsum primis in faucibus orci');
insert into aml_users (id, username, full_name_ar, full_name_en, email, is_active, expiry_date, birth_date, created_on, last_updated_by, last_updated_on, about_brief) values (19, 'hjanuszewskii', 'Julietta cornhill', 'Hube Januszewski', 'hjanuszewskii@weibo.com', 0, '2018-07-13', '2004-12-05', '2016-02-07 07:50:02', 56, '2017-09-04 01:39:25', 'in purus eu magna vulputate luctus cum sociis natoque penatibus');
insert into aml_users (id, username, full_name_ar, full_name_en, email, is_active, expiry_date, birth_date, created_on, last_updated_by, last_updated_on, about_brief) values (20, 'maveryj', 'Bridget Cockley', 'Mortimer Avery', 'maveryj@cyberchimps.com', 0, '2018-12-12', '2011-09-13', '2016-12-23 19:25:42', 96, '2018-01-19 07:45:27', 'lobortis convallis tortor risus dapibus augue vel accumsan tellus nisi eu orci mauris lacinia sapien quis libero nullam sit amet');
insert into aml_users (id, username, full_name_ar, full_name_en, email, is_active, expiry_date, birth_date, created_on, last_updated_by, last_updated_on, about_brief) values (21, 'dloryk', 'Trudey Harverson', 'Debor Lory', 'dloryk@elegantthemes.com', 1, '2017-03-25', '1991-08-21', '2010-10-09 23:46:44', 33, '2016-08-18 19:04:54', 'enim lorem ipsum dolor sit amet consectetuer adipiscing elit proin interdum mauris non ligula pellentesque ultrices phasellus id sapien in sapien iaculis congue vivamus metus arcu adipiscing molestie hendrerit at');
insert into aml_users (id, username, full_name_ar, full_name_en, email, is_active, expiry_date, birth_date, created_on, last_updated_by, last_updated_on, about_brief) values (22, 'adrennanl', 'Quintilla Ianson', 'Ariadne Drennan', 'adrennanl@mashable.com', 0, '2017-06-03', '2003-01-18', '2014-10-29 03:22:36', 66, '2016-12-09 12:51:19', 'accumsan felis ut at dolor quis odio consequat varius integer ac leo pellentesque ultrices mattis odio donec vitae nisi nam ultrices libero non mattis pulvinar nulla pede');
insert into aml_users (id, username, full_name_ar, full_name_en, email, is_active, expiry_date, birth_date, created_on, last_updated_by, last_updated_on, about_brief) values (23, 'zgorhamm', 'Harriette Waterman', 'Zorah Gorham', 'zgorhamm@liveinternet.ru', 0, '2016-09-29', '2008-03-30', '2012-06-09 11:05:56', 58, '2016-11-08 18:26:20', 'ac est lacinia nisi venenatis tristique fusce congue diam id');
insert into aml_users (id, username, full_name_ar, full_name_en, email, is_active, expiry_date, birth_date, created_on, last_updated_by, last_updated_on, about_brief) values (24, 'aivanitsan', 'Emanuel Ellingford', 'Abbie Ivanitsa', 'aivanitsan@tumblr.com', 0, '2016-08-25', '1993-04-01', '2014-03-17 21:26:17', 63, '2017-05-15 12:59:28', 'ipsum primis in faucibus orci luctus et ultrices posuere cubilia curae duis faucibus accumsan odio curabitur convallis duis consequat dui nec nisi volutpat eleifend donec ut dolor morbi vel');
insert into aml_users (id, username, full_name_ar, full_name_en, email, is_active, expiry_date, birth_date, created_on, last_updated_by, last_updated_on, about_brief) values (25, 'mobrallaghano', 'Alexio Swayton', 'Merell O''Brallaghan', 'mobrallaghano@spotify.com', 0, '2018-01-08', '2006-03-17', '2013-11-27 16:21:10', 44, '2018-01-03 03:09:27', 'vitae nisi nam ultrices libero non mattis pulvinar nulla pede');
insert into aml_users (id, username, full_name_ar, full_name_en, email, is_active, expiry_date, birth_date, created_on, last_updated_by, last_updated_on, about_brief) values (26, 'efinesp', 'Reggis Rushmare', 'Elysia Fines', 'efinesp@spiegel.de', 0, '2017-10-27', '2005-01-01', '2015-09-03 21:45:21', 67, '2018-08-20 05:43:14', 'lectus aliquam sit amet diam in magna bibendum imperdiet nullam orci pede venenatis non sodales sed tincidunt eu felis fusce posuere felis sed lacus morbi');
insert into aml_users (id, username, full_name_ar, full_name_en, email, is_active, expiry_date, birth_date, created_on, last_updated_by, last_updated_on, about_brief) values (27, 'chuxhamq', 'Glyn Eassom', 'Cris Huxham', 'chuxhamq@foxnews.com', 0, '2018-11-23', '1997-08-07', '2014-06-25 15:37:28', 35, '2018-06-10 07:01:17', 'fermentum donec ut mauris eget massa tempor convallis nulla neque libero convallis eget eleifend luctus ultricies eu nibh quisque');
insert into aml_users (id, username, full_name_ar, full_name_en, email, is_active, expiry_date, birth_date, created_on, last_updated_by, last_updated_on, about_brief) values (28, 'sellershawr', 'Ellissa Dainty', 'Skippy Ellershaw', 'sellershawr@google.de', 0, '2018-05-20', '2003-02-08', '2014-12-09 21:36:25', 98, '2017-10-13 04:16:29', 'ultrices posuere cubilia curae duis faucibus accumsan odio curabitur convallis');
insert into aml_users (id, username, full_name_ar, full_name_en, email, is_active, expiry_date, birth_date, created_on, last_updated_by, last_updated_on, about_brief) values (29, 'pbettams', 'Rena Farlambe', 'Parsifal Bettam', 'pbettams@mozilla.org', 1, '2016-10-24', '2012-04-07', '2018-06-05 07:49:25', 87, '2016-10-21 23:22:28', 'vitae consectetuer eget rutrum at lorem integer tincidunt ante vel ipsum praesent blandit lacinia erat vestibulum sed magna at nunc commodo placerat praesent blandit nam nulla integer pede');
insert into aml_users (id, username, full_name_ar, full_name_en, email, is_active, expiry_date, birth_date, created_on, last_updated_by, last_updated_on, about_brief) values (30, 'dprobatt', 'Roi Korba', 'Duff Probat', 'dprobatt@paypal.com', 0, '2018-08-12', '2011-04-23', '2018-06-10 01:44:59', 18, '2018-10-11 02:09:09', 'phasellus id sapien in sapien iaculis congue vivamus metus arcu adipiscing molestie hendrerit at vulputate vitae nisl aenean lectus pellentesque eget nunc donec quis orci eget orci vehicula');
insert into aml_users (id, username, full_name_ar, full_name_en, email, is_active, expiry_date, birth_date, created_on, last_updated_by, last_updated_on, about_brief) values (31, 'fpenhalewicku', 'Tate Huckster', 'Finley Penhalewick', 'fpenhalewicku@alibaba.com', 1, '2018-02-19', '2011-05-11', '2013-05-14 23:26:12', 31, '2018-12-16 17:29:33', 'eget tincidunt eget tempus vel pede morbi porttitor lorem id ligula suspendisse ornare consequat lectus in est risus auctor sed tristique in tempus sit amet');
insert into aml_users (id, username, full_name_ar, full_name_en, email, is_active, expiry_date, birth_date, created_on, last_updated_by, last_updated_on, about_brief) values (32, 'hrevillev', 'Muriel Kingscott', 'Hube Reville', 'hrevillev@1und1.de', 1, '2017-09-19', '1992-12-16', '2011-10-01 13:40:27', 99, '2018-02-11 23:54:14', 'congue diam id ornare imperdiet sapien urna pretium nisl ut volutpat sapien arcu');
insert into aml_users (id, username, full_name_ar, full_name_en, email, is_active, expiry_date, birth_date, created_on, last_updated_by, last_updated_on, about_brief) values (33, 'sbelderfieldw', 'Free Piccard', 'Skipp Belderfield', 'sbelderfieldw@japanpost.jp', 0, '2018-03-24', '1991-02-01', '2018-08-31 08:22:27', 76, '2016-10-16 18:35:19', 'ac nibh fusce lacus purus aliquet at feugiat non pretium quis lectus suspendisse potenti in eleifend quam a odio in hac habitasse platea dictumst maecenas ut massa quis augue');
insert into aml_users (id, username, full_name_ar, full_name_en, email, is_active, expiry_date, birth_date, created_on, last_updated_by, last_updated_on, about_brief) values (34, 'snonix', 'Rubin Mannock', 'Sutherland Noni', 'snonix@upenn.edu', 1, '2016-08-29', '2010-02-26', '2011-11-07 15:47:02', 52, '2019-01-01 15:38:47', 'tincidunt nulla mollis molestie lorem quisque ut erat curabitur gravida nisi at nibh in hac habitasse platea dictumst aliquam augue quam sollicitudin');
insert into aml_users (id, username, full_name_ar, full_name_en, email, is_active, expiry_date, birth_date, created_on, last_updated_by, last_updated_on, about_brief) values (35, 'csenecauty', 'Marys Terney', 'Caren Senecaut', 'csenecauty@sphinn.com', 0, '2018-08-28', '1991-09-03', '2010-12-21 01:23:33', 48, '2018-05-25 16:57:53', 'sem duis aliquam convallis nunc proin at turpis a pede posuere');
insert into aml_users (id, username, full_name_ar, full_name_en, email, is_active, expiry_date, birth_date, created_on, last_updated_by, last_updated_on, about_brief) values (36, 'moquinz', 'Hernando Vereker', 'Melodee O''Quin', 'moquinz@creativecommons.org', 0, '2017-04-03', '2000-02-07', '2013-08-24 03:15:41', 78, '2019-03-14 06:34:38', 'ut rhoncus aliquet pulvinar sed nisl nunc rhoncus dui vel sem sed sagittis nam congue risus semper porta volutpat quam pede lobortis ligula sit amet eleifend');
insert into aml_users (id, username, full_name_ar, full_name_en, email, is_active, expiry_date, birth_date, created_on, last_updated_by, last_updated_on, about_brief) values (37, 'fconnal10', 'Dagmar Macken', 'Ferdie Connal', 'fconnal10@weibo.com', 0, '2018-03-17', '2008-01-27', '2015-11-12 02:46:20', 33, '2017-08-20 19:48:35', 'ipsum primis in faucibus orci luctus et ultrices posuere cubilia curae duis');
insert into aml_users (id, username, full_name_ar, full_name_en, email, is_active, expiry_date, birth_date, created_on, last_updated_by, last_updated_on, about_brief) values (38, 'rdeeks11', 'Van Wiltsher', 'Rennie Deeks', 'rdeeks11@networksolutions.com', 0, '2018-04-11', '2004-03-13', '2012-01-10 01:58:09', 64, '2016-12-11 17:25:33', 'duis faucibus accumsan odio curabitur convallis duis consequat dui nec nisi volutpat eleifend donec ut dolor morbi vel lectus in quam fringilla rhoncus mauris enim leo rhoncus sed vestibulum sit');
insert into aml_users (id, username, full_name_ar, full_name_en, email, is_active, expiry_date, birth_date, created_on, last_updated_by, last_updated_on, about_brief) values (39, 'dfreckingham12', 'Gradeigh Boom', 'Domeniga Freckingham', 'dfreckingham12@goo.gl', 1, '2018-03-06', '2004-07-07', '2011-08-11 20:32:07', 33, '2018-01-31 16:27:38', 'urna ut tellus nulla ut erat id mauris vulputate elementum nullam varius nulla facilisi cras non velit nec nisi vulputate nonummy maecenas');
insert into aml_users (id, username, full_name_ar, full_name_en, email, is_active, expiry_date, birth_date, created_on, last_updated_by, last_updated_on, about_brief) values (40, 'ahebblethwaite13', 'Sherrie Dillestone', 'Angil Hebblethwaite', 'ahebblethwaite13@gov.uk', 0, '2019-01-10', '2005-03-10', '2013-06-05 00:58:37', 30, '2016-10-23 12:46:59', 'lorem vitae mattis nibh ligula nec sem duis aliquam convallis nunc proin at turpis a pede posuere nonummy integer non');
insert into aml_users (id, username, full_name_ar, full_name_en, email, is_active, expiry_date, birth_date, created_on, last_updated_by, last_updated_on, about_brief) values (41, 'rhulk14', 'Arte Gorringe', 'Randolf Hulk', 'rhulk14@mit.edu', 0, '2016-07-03', '2010-04-13', '2017-01-21 20:04:45', 88, '2016-09-20 02:54:20', 'congue etiam justo etiam pretium iaculis justo in hac habitasse platea dictumst etiam faucibus cursus urna ut tellus nulla ut erat id');
insert into aml_users (id, username, full_name_ar, full_name_en, email, is_active, expiry_date, birth_date, created_on, last_updated_by, last_updated_on, about_brief) values (42, 'mstrippling15', 'Barn Brehat', 'Margot Strippling', 'mstrippling15@forbes.com', 0, '2018-02-12', '2005-02-20', '2015-03-15 19:02:26', 77, '2019-02-04 22:18:56', 'eget rutrum at lorem integer tincidunt ante vel ipsum praesent blandit lacinia');
insert into aml_users (id, username, full_name_ar, full_name_en, email, is_active, expiry_date, birth_date, created_on, last_updated_by, last_updated_on, about_brief) values (43, 'fchavrin16', 'Astrid Abramovitz', 'Florie Chavrin', 'fchavrin16@sbwire.com', 0, '2019-03-09', '2010-08-02', '2012-12-07 08:43:32', 55, '2017-10-15 13:57:19', 'eu mi nulla ac enim in tempor turpis nec euismod scelerisque quam turpis adipiscing lorem vitae mattis nibh ligula nec sem duis aliquam convallis nunc proin at');
insert into aml_users (id, username, full_name_ar, full_name_en, email, is_active, expiry_date, birth_date, created_on, last_updated_by, last_updated_on, about_brief) values (44, 'pgiottoi17', 'Anne-marie Duiguid', 'Philippa Giottoi', 'pgiottoi17@chicagotribune.com', 0, '2019-04-12', '1994-05-28', '2013-02-28 18:46:57', 58, '2018-01-09 09:00:47', 'vel lectus in quam fringilla rhoncus mauris enim leo rhoncus sed vestibulum sit amet cursus id turpis integer aliquet massa id lobortis convallis tortor risus dapibus augue vel accumsan tellus');
insert into aml_users (id, username, full_name_ar, full_name_en, email, is_active, expiry_date, birth_date, created_on, last_updated_by, last_updated_on, about_brief) values (45, 'shaggerstone18', 'Portie Paunton', 'Sylas Haggerstone', 'shaggerstone18@independent.co.uk', 0, '2018-06-25', '1998-01-24', '2011-05-09 19:45:24', 65, '2016-08-31 11:34:54', 'ultrices erat tortor sollicitudin mi sit amet lobortis sapien sapien non mi integer ac neque');
insert into aml_users (id, username, full_name_ar, full_name_en, email, is_active, expiry_date, birth_date, created_on, last_updated_by, last_updated_on, about_brief) values (46, 'sweatherell19', 'Angus Frye', 'Sherrie Weatherell', 'sweatherell19@prnewswire.com', 0, '2018-04-20', '2001-05-07', '2018-11-24 06:49:14', 27, '2019-04-04 09:28:34', 'mus vivamus vestibulum sagittis sapien cum sociis natoque penatibus et magnis dis parturient montes nascetur ridiculus mus etiam vel augue vestibulum rutrum rutrum neque aenean auctor gravida sem praesent');
insert into aml_users (id, username, full_name_ar, full_name_en, email, is_active, expiry_date, birth_date, created_on, last_updated_by, last_updated_on, about_brief) values (47, 'mackenson1a', 'Peta Ledster', 'Marlane Ackenson', 'mackenson1a@reuters.com', 0, '2017-05-19', '2001-02-11', '2015-07-24 10:53:25', 95, '2017-12-21 12:37:42', 'vivamus vel nulla eget eros elementum pellentesque quisque porta volutpat erat quisque');
insert into aml_users (id, username, full_name_ar, full_name_en, email, is_active, expiry_date, birth_date, created_on, last_updated_by, last_updated_on, about_brief) values (48, 'dsalzen1b', 'Halsy Setchfield', 'Devy Salzen', 'dsalzen1b@ebay.com', 1, '2019-01-14', '2005-03-19', '2018-01-25 06:52:22', 95, '2017-08-25 18:36:25', 'id sapien in sapien iaculis congue vivamus metus arcu adipiscing molestie hendrerit at vulputate vitae nisl aenean lectus pellentesque eget nunc donec quis orci eget orci');
insert into aml_users (id, username, full_name_ar, full_name_en, email, is_active, expiry_date, birth_date, created_on, last_updated_by, last_updated_on, about_brief) values (49, 'eduddell1c', 'Cheslie Kilmurry', 'Ethelbert Duddell', 'eduddell1c@tinyurl.com', 0, '2017-05-21', '2003-12-28', '2011-05-08 06:14:07', 64, '2018-02-03 15:01:51', 'curabitur in libero ut massa volutpat convallis morbi odio odio');
insert into aml_users (id, username, full_name_ar, full_name_en, email, is_active, expiry_date, birth_date, created_on, last_updated_by, last_updated_on, about_brief) values (50, 'chaslin1d', 'Brett Betancourt', 'Ciro Haslin', 'chaslin1d@java.com', 1, '2017-04-06', '1993-09-19', '2012-10-26 16:32:04', 25, '2016-10-16 23:31:02', 'cubilia curae duis faucibus accumsan odio curabitur convallis duis consequat dui nec nisi volutpat');
insert into aml_users (id, username, full_name_ar, full_name_en, email, is_active, expiry_date, birth_date, created_on, last_updated_by, last_updated_on, about_brief) values (51, 'wtingcomb1e', 'Mariska Bloggett', 'Wilmar Tingcomb', 'wtingcomb1e@who.int', 0, '2017-01-22', '2009-03-30', '2018-06-06 08:24:46', 17, '2018-09-18 22:05:32', 'luctus et ultrices posuere cubilia curae duis faucibus accumsan odio curabitur convallis duis consequat dui nec nisi volutpat eleifend donec ut dolor morbi vel lectus in quam fringilla rhoncus mauris');
insert into aml_users (id, username, full_name_ar, full_name_en, email, is_active, expiry_date, birth_date, created_on, last_updated_by, last_updated_on, about_brief) values (52, 'pchappelow1f', 'Jere Sweetnam', 'Pier Chappelow', 'pchappelow1f@admin.ch', 1, '2018-01-11', '1995-06-07', '2016-03-16 11:02:13', 63, '2017-07-20 21:25:46', 'in tempor turpis nec euismod scelerisque quam turpis adipiscing lorem vitae mattis nibh ligula nec');
insert into aml_users (id, username, full_name_ar, full_name_en, email, is_active, expiry_date, birth_date, created_on, last_updated_by, last_updated_on, about_brief) values (53, 'jtrench1g', 'Chrissy Tomlinson', 'Janeta Trench', 'jtrench1g@bbb.org', 0, '2018-03-21', '1995-07-27', '2018-07-24 13:32:39', 47, '2019-02-18 20:21:21', 'montes nascetur ridiculus mus vivamus vestibulum sagittis sapien cum sociis natoque penatibus et magnis dis parturient montes nascetur');
insert into aml_users (id, username, full_name_ar, full_name_en, email, is_active, expiry_date, birth_date, created_on, last_updated_by, last_updated_on, about_brief) values (54, 'ckimblen1h', 'Claude Lusty', 'Charleen Kimblen', 'ckimblen1h@go.com', 1, '2018-06-05', '1998-08-15', '2016-09-29 14:27:39', 88, '2017-05-12 22:07:03', 'primis in faucibus orci luctus et ultrices posuere cubilia curae donec pharetra magna vestibulum');
insert into aml_users (id, username, full_name_ar, full_name_en, email, is_active, expiry_date, birth_date, created_on, last_updated_by, last_updated_on, about_brief) values (55, 'dhurkett1i', 'Mirella Popplewell', 'Darbee Hurkett', 'dhurkett1i@nih.gov', 1, '2016-08-29', '2000-07-06', '2015-01-20 23:55:29', 7, '2018-02-02 23:45:45', 'sapien placerat ante nulla justo aliquam quis turpis eget elit sodales scelerisque mauris sit amet eros suspendisse accumsan tortor quis turpis sed');
insert into aml_users (id, username, full_name_ar, full_name_en, email, is_active, expiry_date, birth_date, created_on, last_updated_by, last_updated_on, about_brief) values (56, 'wlittleton1j', 'Nolie Askell', 'Ware Littleton', 'wlittleton1j@weather.com', 1, '2018-07-06', '1992-10-15', '2013-07-23 08:42:43', 9, '2019-03-16 16:40:23', 'in quam fringilla rhoncus mauris enim leo rhoncus sed vestibulum sit amet cursus id');
insert into aml_users (id, username, full_name_ar, full_name_en, email, is_active, expiry_date, birth_date, created_on, last_updated_by, last_updated_on, about_brief) values (57, 'kbotfield1k', 'Vivyan Bartkiewicz', 'Kyla Botfield', 'kbotfield1k@behance.net', 1, '2016-06-25', '2009-11-12', '2011-04-28 03:09:32', 36, '2018-11-02 06:26:15', 'sit amet consectetuer adipiscing elit proin risus praesent lectus vestibulum quam sapien varius ut blandit non interdum');
insert into aml_users (id, username, full_name_ar, full_name_en, email, is_active, expiry_date, birth_date, created_on, last_updated_by, last_updated_on, about_brief) values (58, 'jrobrose1l', 'Matteo Wooding', 'Jesse Robrose', 'jrobrose1l@google.com.hk', 1, '2018-11-03', '2011-10-09', '2015-02-05 00:53:34', 53, '2017-05-23 17:25:59', 'morbi quis tortor id nulla ultrices aliquet maecenas leo odio condimentum id luctus nec molestie sed justo pellentesque viverra pede');
insert into aml_users (id, username, full_name_ar, full_name_en, email, is_active, expiry_date, birth_date, created_on, last_updated_by, last_updated_on, about_brief) values (59, 'bdytham1m', 'Auria Freckelton', 'Blondy Dytham', 'bdytham1m@symantec.com', 1, '2018-01-15', '2005-07-24', '2015-03-09 02:40:11', 80, '2019-01-13 01:03:21', 'dapibus duis at velit eu est congue elementum in hac habitasse platea dictumst morbi vestibulum velit id pretium iaculis diam erat fermentum justo');
insert into aml_users (id, username, full_name_ar, full_name_en, email, is_active, expiry_date, birth_date, created_on, last_updated_by, last_updated_on, about_brief) values (60, 'eurch1n', 'Evanne Dunley', 'Erika Urch', 'eurch1n@wsj.com', 0, '2018-08-21', '1994-09-19', '2019-05-19 15:36:33', 92, '2019-04-06 10:38:33', 'eros vestibulum ac est lacinia nisi venenatis tristique fusce congue diam id ornare imperdiet');
insert into aml_users (id, username, full_name_ar, full_name_en, email, is_active, expiry_date, birth_date, created_on, last_updated_by, last_updated_on, about_brief) values (61, 'llambdin1o', 'Celestyn Miquelet', 'Lani Lambdin', 'llambdin1o@craigslist.org', 1, '2018-07-21', '2010-01-13', '2013-05-19 05:09:21', 53, '2017-02-04 08:38:11', 'varius ut blandit non interdum in ante vestibulum ante ipsum primis in faucibus orci luctus et ultrices posuere cubilia curae duis faucibus accumsan odio curabitur convallis duis consequat');
insert into aml_users (id, username, full_name_ar, full_name_en, email, is_active, expiry_date, birth_date, created_on, last_updated_by, last_updated_on, about_brief) values (62, 'cscarborough1p', 'Audra Kall', 'Clarissa Scarborough', 'cscarborough1p@hibu.com', 1, '2017-10-21', '2000-01-15', '2012-05-28 19:52:49', 67, '2018-11-21 14:04:34', 'aliquam lacus morbi quis tortor id nulla ultrices aliquet maecenas leo odio condimentum id luctus nec molestie sed justo pellentesque viverra pede ac diam cras pellentesque volutpat dui');
insert into aml_users (id, username, full_name_ar, full_name_en, email, is_active, expiry_date, birth_date, created_on, last_updated_by, last_updated_on, about_brief) values (63, 'mwomack1q', 'Mareah Mangenet', 'Merrilee Womack', 'mwomack1q@dmoz.org', 1, '2018-07-21', '2000-07-27', '2011-06-24 17:00:29', 23, '2018-08-20 04:12:31', 'interdum venenatis turpis enim blandit mi in porttitor pede justo eu massa donec dapibus duis at velit eu est congue elementum');
insert into aml_users (id, username, full_name_ar, full_name_en, email, is_active, expiry_date, birth_date, created_on, last_updated_by, last_updated_on, about_brief) values (64, 'vvigers1r', 'Mahalia Hache', 'Valry Vigers', 'vvigers1r@sciencedirect.com', 0, '2017-08-16', '2004-02-06', '2011-04-07 02:05:05', 51, '2017-03-24 17:14:09', 'duis bibendum morbi non quam nec dui luctus rutrum nulla tellus in sagittis dui vel');
insert into aml_users (id, username, full_name_ar, full_name_en, email, is_active, expiry_date, birth_date, created_on, last_updated_by, last_updated_on, about_brief) values (65, 'ireisk1s', 'Dode Dawkins', 'Imojean Reisk', 'ireisk1s@washington.edu', 0, '2017-07-11', '2012-01-31', '2015-09-19 17:29:02', 20, '2018-07-21 03:18:03', 'vestibulum sed magna at nunc commodo placerat praesent blandit nam nulla integer pede justo lacinia eget tincidunt eget tempus vel pede morbi porttitor lorem id ligula suspendisse ornare consequat');
insert into aml_users (id, username, full_name_ar, full_name_en, email, is_active, expiry_date, birth_date, created_on, last_updated_by, last_updated_on, about_brief) values (66, 'ydyshart1t', 'Ugo O''Glassane', 'Yettie Dyshart', 'ydyshart1t@barnesandnoble.com', 0, '2018-01-14', '2000-04-08', '2014-03-19 07:52:55', 79, '2017-11-27 10:11:24', 'suspendisse potenti in eleifend quam a odio in hac habitasse platea dictumst maecenas ut massa quis augue');
insert into aml_users (id, username, full_name_ar, full_name_en, email, is_active, expiry_date, birth_date, created_on, last_updated_by, last_updated_on, about_brief) values (67, 'clinsey1u', 'Dewain Ching', 'Cassie Linsey', 'clinsey1u@multiply.com', 0, '2017-12-10', '2002-08-05', '2014-07-28 16:24:41', 45, '2016-07-05 14:18:50', 'aliquam augue quam sollicitudin vitae consectetuer eget rutrum at lorem integer tincidunt ante vel');
insert into aml_users (id, username, full_name_ar, full_name_en, email, is_active, expiry_date, birth_date, created_on, last_updated_by, last_updated_on, about_brief) values (68, 'kwyldbore1v', 'Karalynn Milington', 'Killian Wyldbore', 'kwyldbore1v@deviantart.com', 1, '2017-12-28', '1991-11-14', '2013-05-17 21:30:11', 20, '2016-09-12 06:48:30', 'eu magna vulputate luctus cum sociis natoque penatibus et magnis dis parturient montes nascetur ridiculus mus');
insert into aml_users (id, username, full_name_ar, full_name_en, email, is_active, expiry_date, birth_date, created_on, last_updated_by, last_updated_on, about_brief) values (69, 'obewicke1w', 'Giraud Giacaponi', 'Othella Bewicke', 'obewicke1w@ning.com', 1, '2018-01-31', '2011-06-19', '2016-01-19 15:52:04', 47, '2019-04-09 22:03:23', 'iaculis diam erat fermentum justo nec condimentum neque sapien placerat ante nulla justo aliquam quis turpis eget elit sodales scelerisque mauris sit');
insert into aml_users (id, username, full_name_ar, full_name_en, email, is_active, expiry_date, birth_date, created_on, last_updated_by, last_updated_on, about_brief) values (70, 'abonelle1x', 'Quent Antosik', 'Abraham Bonelle', 'abonelle1x@wsj.com', 1, '2016-12-05', '1992-08-12', '2015-11-08 02:21:17', 94, '2017-04-16 00:36:42', 'in lectus pellentesque at nulla suspendisse potenti cras in purus eu magna vulputate luctus cum sociis natoque');
insert into aml_users (id, username, full_name_ar, full_name_en, email, is_active, expiry_date, birth_date, created_on, last_updated_by, last_updated_on, about_brief) values (71, 'ctroughton1y', 'Brigitta Keynd', 'Camella Troughton', 'ctroughton1y@livejournal.com', 0, '2017-04-07', '2005-08-11', '2015-05-21 14:47:32', 9, '2018-01-25 08:34:42', 'ultrices mattis odio donec vitae nisi nam ultrices libero non mattis pulvinar nulla pede ullamcorper augue a suscipit nulla elit ac nulla sed');
insert into aml_users (id, username, full_name_ar, full_name_en, email, is_active, expiry_date, birth_date, created_on, last_updated_by, last_updated_on, about_brief) values (72, 'wraye1z', 'Gardie Geraldo', 'Willow Raye', 'wraye1z@uol.com.br', 0, '2018-08-14', '2005-12-31', '2019-06-03 18:47:04', 50, '2018-04-07 23:01:50', 'malesuada in imperdiet et commodo vulputate justo in blandit ultrices');
insert into aml_users (id, username, full_name_ar, full_name_en, email, is_active, expiry_date, birth_date, created_on, last_updated_by, last_updated_on, about_brief) values (73, 'cwaddingham20', 'Giraud Cush', 'Carolyn Waddingham', 'cwaddingham20@ox.ac.uk', 1, '2016-06-23', '1991-10-02', '2018-10-02 02:48:46', 42, '2018-07-18 12:52:36', 'lacus purus aliquet at feugiat non pretium quis lectus suspendisse potenti in eleifend');
insert into aml_users (id, username, full_name_ar, full_name_en, email, is_active, expiry_date, birth_date, created_on, last_updated_by, last_updated_on, about_brief) values (74, 'tpatten21', 'Mora Braxton', 'Trevor Patten', 'tpatten21@ameblo.jp', 0, '2017-10-22', '2002-10-26', '2017-05-22 13:25:00', 44, '2018-07-05 14:19:44', 'volutpat sapien arcu sed augue aliquam erat volutpat in congue etiam justo');
insert into aml_users (id, username, full_name_ar, full_name_en, email, is_active, expiry_date, birth_date, created_on, last_updated_by, last_updated_on, about_brief) values (75, 'tsinnett22', 'Aldo Burren', 'Teodorico Sinnett', 'tsinnett22@de.vu', 0, '2016-11-22', '1991-08-17', '2011-10-21 21:27:32', 81, '2016-12-12 12:17:41', 'ut volutpat sapien arcu sed augue aliquam erat volutpat in congue etiam justo etiam pretium iaculis justo in hac habitasse platea');
insert into aml_users (id, username, full_name_ar, full_name_en, email, is_active, expiry_date, birth_date, created_on, last_updated_by, last_updated_on, about_brief) values (76, 'ltopper23', 'Michael Levis', 'L;urette Topper', 'ltopper23@reuters.com', 0, '2017-08-06', '2006-05-29', '2011-08-02 05:54:13', 50, '2018-04-16 18:05:20', 'ultrices erat tortor sollicitudin mi sit amet lobortis sapien sapien non mi integer ac neque duis bibendum morbi non quam');
insert into aml_users (id, username, full_name_ar, full_name_en, email, is_active, expiry_date, birth_date, created_on, last_updated_by, last_updated_on, about_brief) values (77, 'balvarado24', 'Dominga Govini', 'Bil Alvarado', 'balvarado24@skyrock.com', 1, '2017-02-07', '2002-07-16', '2014-01-20 10:11:11', 73, '2017-09-20 17:50:07', 'nibh in lectus pellentesque at nulla suspendisse potenti cras in purus eu magna vulputate luctus cum sociis natoque penatibus et magnis dis parturient montes nascetur ridiculus mus');
insert into aml_users (id, username, full_name_ar, full_name_en, email, is_active, expiry_date, birth_date, created_on, last_updated_by, last_updated_on, about_brief) values (78, 'mnesbitt25', 'Faunie Schwandermann', 'Marcia Nesbitt', 'mnesbitt25@netlog.com', 1, '2018-10-26', '1997-12-20', '2012-12-09 12:47:13', 44, '2017-07-11 15:10:35', 'in lectus pellentesque at nulla suspendisse potenti cras in purus eu magna vulputate luctus cum');
insert into aml_users (id, username, full_name_ar, full_name_en, email, is_active, expiry_date, birth_date, created_on, last_updated_by, last_updated_on, about_brief) values (79, 'awalczynski26', 'Roy Woods', 'Aurlie Walczynski', 'awalczynski26@wp.com', 0, '2018-02-09', '2006-07-23', '2018-05-18 19:14:46', 65, '2017-01-11 15:47:43', 'nunc proin at turpis a pede posuere nonummy integer non velit donec diam neque vestibulum eget vulputate ut ultrices vel augue vestibulum ante ipsum primis in faucibus orci luctus');
insert into aml_users (id, username, full_name_ar, full_name_en, email, is_active, expiry_date, birth_date, created_on, last_updated_by, last_updated_on, about_brief) values (80, 'ggadney27', 'Bale Yitzhok', 'Gilligan Gadney', 'ggadney27@ustream.tv', 1, '2019-06-01', '2002-09-19', '2019-05-28 13:14:01', 20, '2018-11-26 08:23:39', 'dapibus duis at velit eu est congue elementum in hac habitasse platea dictumst morbi vestibulum velit id pretium iaculis diam erat fermentum justo nec condimentum neque sapien placerat');
insert into aml_users (id, username, full_name_ar, full_name_en, email, is_active, expiry_date, birth_date, created_on, last_updated_by, last_updated_on, about_brief) values (81, 'mprickett28', 'Wenda Poxon', 'Madella Prickett', 'mprickett28@berkeley.edu', 0, '2018-01-06', '2010-03-30', '2016-09-08 03:27:00', 13, '2017-08-28 06:37:53', 'vestibulum ac est lacinia nisi venenatis tristique fusce congue diam id ornare imperdiet sapien urna pretium nisl ut volutpat sapien arcu sed augue aliquam erat volutpat');
insert into aml_users (id, username, full_name_ar, full_name_en, email, is_active, expiry_date, birth_date, created_on, last_updated_by, last_updated_on, about_brief) values (82, 'bjollands29', 'Ulrika Ipplett', 'Brittan Jollands', 'bjollands29@sogou.com', 1, '2017-05-03', '1997-06-16', '2012-08-02 12:38:42', 30, '2017-10-08 19:46:17', 'auctor sed tristique in tempus sit amet sem fusce consequat nulla nisl nunc nisl duis bibendum felis sed interdum venenatis turpis enim blandit mi in porttitor pede justo eu massa');
insert into aml_users (id, username, full_name_ar, full_name_en, email, is_active, expiry_date, birth_date, created_on, last_updated_by, last_updated_on, about_brief) values (83, 'gepple2a', 'Jasmine Bonifant', 'Gerrie Epple', 'gepple2a@goo.ne.jp', 0, '2016-11-20', '2010-07-30', '2019-01-22 19:11:14', 83, '2018-04-08 18:59:10', 'curabitur in libero ut massa volutpat convallis morbi odio odio elementum eu interdum eu tincidunt in leo maecenas pulvinar lobortis est phasellus sit amet erat');
insert into aml_users (id, username, full_name_ar, full_name_en, email, is_active, expiry_date, birth_date, created_on, last_updated_by, last_updated_on, about_brief) values (84, 'tgreystoke2b', 'Nollie O''Hartagan', 'Thea Greystoke', 'tgreystoke2b@nydailynews.com', 0, '2018-07-30', '1994-09-24', '2015-04-25 10:48:09', 58, '2016-10-27 08:32:09', 'ut nulla sed accumsan felis ut at dolor quis odio consequat varius integer ac leo pellentesque ultrices mattis odio donec vitae nisi nam ultrices libero non mattis');
insert into aml_users (id, username, full_name_ar, full_name_en, email, is_active, expiry_date, birth_date, created_on, last_updated_by, last_updated_on, about_brief) values (85, 'mantoniat2c', 'Wakefield Trowell', 'Madelaine Antoniat', 'mantoniat2c@amazonaws.com', 0, '2018-04-14', '1996-07-14', '2018-08-15 16:33:32', 20, '2018-03-31 06:02:12', 'in sagittis dui vel nisl duis ac nibh fusce lacus purus aliquet at');
insert into aml_users (id, username, full_name_ar, full_name_en, email, is_active, expiry_date, birth_date, created_on, last_updated_by, last_updated_on, about_brief) values (86, 'ndrable2d', 'Raine Wraith', 'Niall Drable', 'ndrable2d@infoseek.co.jp', 0, '2016-09-14', '2009-02-17', '2014-07-07 05:38:26', 56, '2016-06-25 17:15:46', 'integer ac leo pellentesque ultrices mattis odio donec vitae nisi nam ultrices libero non mattis pulvinar nulla pede ullamcorper augue a');
insert into aml_users (id, username, full_name_ar, full_name_en, email, is_active, expiry_date, birth_date, created_on, last_updated_by, last_updated_on, about_brief) values (87, 'hainslie2e', 'Shina Kowal', 'Hieronymus Ainslie', 'hainslie2e@macromedia.com', 1, '2019-05-28', '1994-10-30', '2013-09-15 19:56:30', 54, '2018-02-21 20:51:45', 'in ante vestibulum ante ipsum primis in faucibus orci luctus et');
insert into aml_users (id, username, full_name_ar, full_name_en, email, is_active, expiry_date, birth_date, created_on, last_updated_by, last_updated_on, about_brief) values (88, 'amccoll2f', 'Mortie Farens', 'Albert McColl', 'amccoll2f@tripod.com', 1, '2016-12-24', '2000-04-06', '2011-02-16 17:50:43', 57, '2018-08-18 02:37:43', 'sapien quis libero nullam sit amet turpis elementum ligula vehicula consequat morbi a ipsum integer a nibh in quis justo maecenas rhoncus aliquam lacus morbi');
insert into aml_users (id, username, full_name_ar, full_name_en, email, is_active, expiry_date, birth_date, created_on, last_updated_by, last_updated_on, about_brief) values (89, 'dantill2g', 'Ofilia Alderton', 'Dolorita Antill', 'dantill2g@foxnews.com', 1, '2018-12-20', '1999-05-06', '2018-03-14 08:13:12', 85, '2017-08-06 04:12:12', 'justo etiam pretium iaculis justo in hac habitasse platea dictumst etiam faucibus cursus urna ut tellus nulla ut erat id mauris vulputate elementum nullam varius nulla facilisi');
insert into aml_users (id, username, full_name_ar, full_name_en, email, is_active, expiry_date, birth_date, created_on, last_updated_by, last_updated_on, about_brief) values (90, 'pmeltetal2h', 'Orbadiah Bestman', 'Paulo Meltetal', 'pmeltetal2h@t.co', 1, '2017-06-02', '1990-08-27', '2017-03-07 06:06:53', 81, '2019-02-19 00:11:51', 'sapien dignissim vestibulum vestibulum ante ipsum primis in faucibus orci luctus et ultrices posuere cubilia curae nulla');
insert into aml_users (id, username, full_name_ar, full_name_en, email, is_active, expiry_date, birth_date, created_on, last_updated_by, last_updated_on, about_brief) values (91, 'bmcguggy2i', 'Daffy Baff', 'Brander McGuggy', 'bmcguggy2i@so-net.ne.jp', 1, '2017-11-20', '2011-08-02', '2011-05-28 18:43:32', 9, '2018-04-07 06:45:44', 'amet diam in magna bibendum imperdiet nullam orci pede venenatis non sodales sed tincidunt eu felis fusce posuere felis sed lacus morbi sem mauris laoreet ut rhoncus aliquet');
insert into aml_users (id, username, full_name_ar, full_name_en, email, is_active, expiry_date, birth_date, created_on, last_updated_by, last_updated_on, about_brief) values (92, 'ralbrook2j', 'Matias Pennyman', 'Roley Albrook', 'ralbrook2j@soup.io', 1, '2017-07-12', '2007-09-05', '2010-12-16 11:14:35', 96, '2017-11-24 03:45:52', 'sociis natoque penatibus et magnis dis parturient montes nascetur ridiculus mus etiam vel augue vestibulum rutrum rutrum neque aenean auctor gravida sem praesent id massa');
insert into aml_users (id, username, full_name_ar, full_name_en, email, is_active, expiry_date, birth_date, created_on, last_updated_by, last_updated_on, about_brief) values (93, 'dshackel2k', 'Sherrie Bockh', 'Deeanne Shackel', 'dshackel2k@shinystat.com', 1, '2017-09-16', '2008-05-06', '2011-01-31 09:52:58', 64, '2017-05-29 23:20:48', 'condimentum curabitur in libero ut massa volutpat convallis morbi odio odio elementum eu interdum eu tincidunt in leo maecenas pulvinar lobortis est phasellus sit amet');
insert into aml_users (id, username, full_name_ar, full_name_en, email, is_active, expiry_date, birth_date, created_on, last_updated_by, last_updated_on, about_brief) values (94, 'farderne2l', 'Fabian Axby', 'Fonsie Arderne', 'farderne2l@alexa.com', 1, '2017-03-03', '1992-02-26', '2013-10-08 16:48:44', 94, '2017-04-18 01:10:51', 'enim in tempor turpis nec euismod scelerisque quam turpis adipiscing lorem vitae mattis nibh ligula nec sem');
insert into aml_users (id, username, full_name_ar, full_name_en, email, is_active, expiry_date, birth_date, created_on, last_updated_by, last_updated_on, about_brief) values (95, 'mprinn2m', 'Alane Gibbons', 'Maryann Prinn', 'mprinn2m@psu.edu', 1, '2019-01-13', '1994-11-02', '2018-11-09 00:24:31', 90, '2018-05-01 09:30:19', 'amet consectetuer adipiscing elit proin risus praesent lectus vestibulum quam sapien varius ut blandit non interdum in ante vestibulum ante ipsum primis in faucibus orci luctus et ultrices posuere cubilia');
insert into aml_users (id, username, full_name_ar, full_name_en, email, is_active, expiry_date, birth_date, created_on, last_updated_by, last_updated_on, about_brief) values (96, 'hskeath2n', 'Jacklyn Vigors', 'Hoyt Skeath', 'hskeath2n@hhs.gov', 1, '2016-08-18', '1991-12-13', '2017-03-11 01:59:01', 49, '2018-08-01 22:26:30', 'nulla justo aliquam quis turpis eget elit sodales scelerisque mauris sit amet');
insert into aml_users (id, username, full_name_ar, full_name_en, email, is_active, expiry_date, birth_date, created_on, last_updated_by, last_updated_on, about_brief) values (97, 'claviste2o', 'Ephrayim Ors', 'Cornelia Laviste', 'claviste2o@cpanel.net', 1, '2019-05-17', '2002-10-16', '2018-10-20 03:38:51', 62, '2017-06-04 16:37:16', 'erat curabitur gravida nisi at nibh in hac habitasse platea dictumst aliquam');
insert into aml_users (id, username, full_name_ar, full_name_en, email, is_active, expiry_date, birth_date, created_on, last_updated_by, last_updated_on, about_brief) values (98, 'lborrowman2p', 'Kyle Quested', 'Leona Borrowman', 'lborrowman2p@oracle.com', 0, '2018-09-06', '1997-05-19', '2018-07-27 21:57:31', 61, '2017-06-24 03:56:38', 'in felis donec semper sapien a libero nam dui proin leo odio porttitor id consequat in consequat ut nulla sed accumsan felis ut at dolor quis');
insert into aml_users (id, username, full_name_ar, full_name_en, email, is_active, expiry_date, birth_date, created_on, last_updated_by, last_updated_on, about_brief) values (99, 'mmcteggart2q', 'Nicolle Coronas', 'Margaret McTeggart', 'mmcteggart2q@merriam-webster.com', 0, '2019-03-26', '1996-07-23', '2013-02-06 19:56:58', 98, '2018-09-18 18:36:28', 'lacinia erat vestibulum sed magna at nunc commodo placerat praesent blandit nam nulla integer pede justo');
insert into aml_users (id, username, full_name_ar, full_name_en, email, is_active, expiry_date, birth_date, created_on, last_updated_by, last_updated_on, about_brief) values (100, 'jann2r', 'Jeremy Brunton', 'Jo ann Peatman', 'jann2r@ft.com', 1, '2017-05-16', '1999-07-09', '2018-07-25 11:33:57', 16, '2018-01-11 03:12:28', 'mattis nibh ligula nec sem duis aliquam convallis nunc proin at turpis a pede posuere nonummy integer non velit donec diam neque vestibulum eget vulputate ut ultrices vel augue');

insert into aml_user_role (user_id, role_id, is_default) values (1, 3, 1);
insert into aml_user_role (user_id, role_id, is_default) values (2, 1, 1);
insert into aml_user_role (user_id, role_id, is_default) values (3, 4, 1);
insert into aml_user_role (user_id, role_id, is_default) values (4, 3, 1);
insert into aml_user_role (user_id, role_id, is_default) values (5, 5, 1);
insert into aml_user_role (user_id, role_id, is_default) values (6, 5, 1);
insert into aml_user_role (user_id, role_id, is_default) values (7, 3, 1);
insert into aml_user_role (user_id, role_id, is_default) values (8, 2, 1);
insert into aml_user_role (user_id, role_id, is_default) values (9, 2, 1);
insert into aml_user_role (user_id, role_id, is_default) values (10, 4, 1);
insert into aml_user_role (user_id, role_id, is_default) values (11, 3, 1);
insert into aml_user_role (user_id, role_id, is_default) values (12, 5, 1);
insert into aml_user_role (user_id, role_id, is_default) values (13, 2, 1);
insert into aml_user_role (user_id, role_id, is_default) values (14, 1, 1);
insert into aml_user_role (user_id, role_id, is_default) values (15, 2, 1);
insert into aml_user_role (user_id, role_id, is_default) values (16, 4, 1);
insert into aml_user_role (user_id, role_id, is_default) values (17, 3, 1);
insert into aml_user_role (user_id, role_id, is_default) values (18, 2, 1);
insert into aml_user_role (user_id, role_id, is_default) values (19, 5, 1);
insert into aml_user_role (user_id, role_id, is_default) values (20, 2, 1);
insert into aml_user_role (user_id, role_id, is_default) values (21, 2, 1);
insert into aml_user_role (user_id, role_id, is_default) values (22, 2, 1);
insert into aml_user_role (user_id, role_id, is_default) values (23, 2, 1);
insert into aml_user_role (user_id, role_id, is_default) values (24, 1, 1);
insert into aml_user_role (user_id, role_id, is_default) values (25, 3, 1);
insert into aml_user_role (user_id, role_id, is_default) values (26, 3, 1);
insert into aml_user_role (user_id, role_id, is_default) values (27, 4, 1);
insert into aml_user_role (user_id, role_id, is_default) values (28, 5, 1);
insert into aml_user_role (user_id, role_id, is_default) values (29, 2, 1);
insert into aml_user_role (user_id, role_id, is_default) values (30, 4, 1);
insert into aml_user_role (user_id, role_id, is_default) values (31, 3, 1);
insert into aml_user_role (user_id, role_id, is_default) values (32, 3, 1);
insert into aml_user_role (user_id, role_id, is_default) values (33, 5, 1);
insert into aml_user_role (user_id, role_id, is_default) values (34, 2, 1);
insert into aml_user_role (user_id, role_id, is_default) values (35, 5, 1);
insert into aml_user_role (user_id, role_id, is_default) values (36, 2, 1);
insert into aml_user_role (user_id, role_id, is_default) values (37, 1, 1);
insert into aml_user_role (user_id, role_id, is_default) values (38, 4, 1);
insert into aml_user_role (user_id, role_id, is_default) values (39, 1, 1);
insert into aml_user_role (user_id, role_id, is_default) values (40, 5, 1);
insert into aml_user_role (user_id, role_id, is_default) values (41, 3, 1);
insert into aml_user_role (user_id, role_id, is_default) values (42, 4, 1);
insert into aml_user_role (user_id, role_id, is_default) values (43, 1, 1);
insert into aml_user_role (user_id, role_id, is_default) values (44, 5, 1);
insert into aml_user_role (user_id, role_id, is_default) values (45, 5, 1);
insert into aml_user_role (user_id, role_id, is_default) values (46, 3, 1);
insert into aml_user_role (user_id, role_id, is_default) values (47, 3, 1);
insert into aml_user_role (user_id, role_id, is_default) values (48, 2, 1);
insert into aml_user_role (user_id, role_id, is_default) values (49, 1, 1);
insert into aml_user_role (user_id, role_id, is_default) values (50, 4, 1);
insert into aml_user_role (user_id, role_id, is_default) values (51, 4, 1);
insert into aml_user_role (user_id, role_id, is_default) values (52, 4, 1);
insert into aml_user_role (user_id, role_id, is_default) values (53, 3, 1);
insert into aml_user_role (user_id, role_id, is_default) values (54, 1, 1);
insert into aml_user_role (user_id, role_id, is_default) values (55, 4, 1);
insert into aml_user_role (user_id, role_id, is_default) values (56, 5, 1);
insert into aml_user_role (user_id, role_id, is_default) values (57, 4, 1);
insert into aml_user_role (user_id, role_id, is_default) values (58, 1, 1);
insert into aml_user_role (user_id, role_id, is_default) values (59, 5, 1);
insert into aml_user_role (user_id, role_id, is_default) values (60, 2, 1);
insert into aml_user_role (user_id, role_id, is_default) values (61, 4, 1);
insert into aml_user_role (user_id, role_id, is_default) values (62, 4, 1);
insert into aml_user_role (user_id, role_id, is_default) values (63, 2, 1);
insert into aml_user_role (user_id, role_id, is_default) values (64, 3, 1);
insert into aml_user_role (user_id, role_id, is_default) values (65, 5, 1);
insert into aml_user_role (user_id, role_id, is_default) values (66, 5, 1);
insert into aml_user_role (user_id, role_id, is_default) values (67, 5, 1);
insert into aml_user_role (user_id, role_id, is_default) values (68, 4, 1);
insert into aml_user_role (user_id, role_id, is_default) values (69, 3, 1);
insert into aml_user_role (user_id, role_id, is_default) values (70, 2, 1);
insert into aml_user_role (user_id, role_id, is_default) values (71, 4, 1);
insert into aml_user_role (user_id, role_id, is_default) values (72, 4, 1);
insert into aml_user_role (user_id, role_id, is_default) values (73, 1, 1);
insert into aml_user_role (user_id, role_id, is_default) values (74, 3, 1);
insert into aml_user_role (user_id, role_id, is_default) values (75, 3, 1);
insert into aml_user_role (user_id, role_id, is_default) values (76, 5, 1);
insert into aml_user_role (user_id, role_id, is_default) values (77, 1, 1);
insert into aml_user_role (user_id, role_id, is_default) values (78, 3, 1);
insert into aml_user_role (user_id, role_id, is_default) values (79, 5, 1);
insert into aml_user_role (user_id, role_id, is_default) values (80, 5, 1);
insert into aml_user_role (user_id, role_id, is_default) values (81, 1, 1);
insert into aml_user_role (user_id, role_id, is_default) values (82, 1, 1);
insert into aml_user_role (user_id, role_id, is_default) values (83, 3, 1);
insert into aml_user_role (user_id, role_id, is_default) values (84, 1, 1);
insert into aml_user_role (user_id, role_id, is_default) values (85, 3, 1);
insert into aml_user_role (user_id, role_id, is_default) values (86, 2, 1);
insert into aml_user_role (user_id, role_id, is_default) values (87, 5, 1);
insert into aml_user_role (user_id, role_id, is_default) values (88, 5, 1);
insert into aml_user_role (user_id, role_id, is_default) values (89, 3, 1);
insert into aml_user_role (user_id, role_id, is_default) values (90, 5, 1);
insert into aml_user_role (user_id, role_id, is_default) values (91, 1, 1);
insert into aml_user_role (user_id, role_id, is_default) values (92, 3, 1);
insert into aml_user_role (user_id, role_id, is_default) values (93, 4, 1);
insert into aml_user_role (user_id, role_id, is_default) values (94, 5, 1);
insert into aml_user_role (user_id, role_id, is_default) values (95, 2, 1);
insert into aml_user_role (user_id, role_id, is_default) values (96, 4, 1);
insert into aml_user_role (user_id, role_id, is_default) values (97, 5, 1);
insert into aml_user_role (user_id, role_id, is_default) values (98, 2, 1);
insert into aml_user_role (user_id, role_id, is_default) values (99, 1, 1);
insert into aml_user_role (user_id, role_id, is_default) values (100, 3, 1);
